Atom IX,BE [eV]
0,1.5921402071876842
2,2.4276676284074656
4,1.4745181875277902
5,2.221840113280872
6,1.1010164675203082
7,-0.5817970071569114
8,-1.2465081178599804
9,-0.7154523799254306
